id,name
1659,Claret
82101,Merseguera-Sauvignon Blanc
1192,Tannat-Syrah
1153,Weissburgunder
10290,Teran
1991,Malbec-Tannat
6230,Schiava
9434,Pinot Auxerrois
113053,Favorita
2185,Assyrtiko
85693,Moscato Rosa
4048,Saperavi
30848,Sauvignon Musqué
1460,Teroldego
527,Scheurebe
2022,Turbiana
48648,Roter Traminer
67671,Folle Blanche
14464,Vitovska
74455,Verdeca
96759,Blatina
11165,Siegerrebe
3113,Syrah-Petite Sirah
559,Syrah-Grenache
1822,Rosado
17881,Treixadura
19800,Sangiovese-Cabernet Sauvignon
71275,Yapincak
8755,Gros and Petit Manseng
31417,Terrantez
1395,Pinot Meunier
2104,Aragonês
1700,Bical
295,Cabernet Sauvignon-Syrah
1022,Insolia
27399,Madeleine Angevine
479,Cannonau
722,Sémillon
85620,Tinta Negra Mole
71954,Mandilaria
1363,Negroamaro
113898,Dafni
6233,Alfrocheiro
17542,Verdil
86757,Sauvignon Blanc-Assyrtiko
45451,Pinot Noir-Syrah
70169,Babić
12809,Morillon
5618,Shiraz-Grenache
120427,Trollinger
63,Champagne Blend
14043,Mansois
112463,Shiraz-Mourvèdre
53,Bordeaux-style White Blend
5416,Kisi
33725,Kekfrankos
927,Portuguese Sparkling
4042,Lemberger
2379,Chambourcin
111845,Chardonnay-Albariño
4539,Lambrusco
448,Rhône-style White Blend
74981,Cabernet Sauvignon Grenache
741,Pinot Noir-Gamay
93077,Sirica
65796,Chardonnay Weissburgunder
60111,Syrah-Carignan
2866,Fernão Pires
1435,Cabernet Sauvignon-Sangiovese
3210,Maturana
2612,Syrah-Cabernet Sauvignon
129187,Bobal-Cabernet Sauvignon
36,Viognier-Chardonnay
81,Albariño
15548,Tannat-Merlot
12871,Picolit
6189,Tocai Friulano
55292,Jacquez
107854,Ramisco
151,Portuguese White
26011,Alicante
2876,Cabernet Franc-Cabernet Sauvignon
2652,Touriga Nacional Blend
0,White Blend
102095,Tokay Pinot Gris
980,"Corvina, Rondinella, Molinara"
2,Pinot Gris
140,Barbera
34,Sauvignon Blanc
8778,Kalecik Karasi
70878,Roviello
4441,Albana
97609,Sercial
69577,Cabernet Pfeffer
219,Furmint
1,Portuguese Red
3510,Magliocco
50679,Malvasia Nera
65157,Misket
2166,Agiorgitiko
3561,Gamay Noir
51796,Listán Negro
33080,Thrapsathiri
116516,Parraleta
1379,Syrah-Cabernet
2596,Cabernet Sauvignon-Shiraz
846,Sylvaner
2299,Rieslaner
9292,Mauzac
1038,Merlot-Malbec
73534,Trebbiano di Lugana
45401,Abouriou
101362,Jampal
4784,Malbec-Cabernet Sauvignon
16,Malbec
99350,Malvasia Fina
3422,Cabernet Franc-Carmenère
11639,Ekigaïna
2094,Alvarinho
40193,Syrah-Cabernet Franc
31733,Rivaner
542,Kerner
325,Vignoles
29870,White Riesling
8275,Posip
5996,Feteascǎ Regalǎ
5737,Nascetta
72363,Alvarinho-Chardonnay
73001,Biancu Gentile
4238,Roussanne-Viognier
11628,Mantonico
15365,Moscatel Roxo
79,Touriga Nacional
5085,Morava
635,Viura
56129,Carignan-Syrah
1330,Provence red blend
44270,Erbaluce
3786,Albanello
182,Sangiovese Grosso
2712,Tocai
128,Pinot Blanc
21314,Grignolino
3989,Arneis
596,Vilana
107,Vermentino
7690,Tinto del Pais
20017,Shiraz-Cabernet
447,Melon
113278,Tintilia
1988,Monastrell-Syrah
270,Friulano
60873,Gragnano
2285,Tinta de Toro
12419,Malvasia Istriana
55674,Gouveio
12000,Muscat Blanc
9054,Zierfandler-Rotgipfler
101010,Premsal
24320,Mavrodaphne
117,Syrah
116303,Kotsifali
14718,Orange Muscat
15678,Nerello Cappuccio
501,Verdelho
808,Verdicchio
51794,Portuguiser
3226,Pecorino
4921,Torbato
19,Meritage
2257,Ruché
617,Glera
436,Cortese
43481,Rara Neagra
20091,Sauvignon Blanc-Chenin Blanc
11682,Muskateller
5961,Asprinio
1063,Cabernet Sauvignon-Merlot
195,Prugnolo Gentile
114407,Petit Courbu
761,Cabernet Sauvignon-Carmenère
1649,Sauvignon Blanc-Semillon
3159,Cabernet Blend
346,Muscadelle
67554,Merlot-Shiraz
26491,Narince
1187,Papaskarasi
6741,Moscadello
113067,Babosa Negro
986,Port
31425,Bual
120171,Viognier-Valdiguié
4915,Carignano
31596,Okuzgozu
238,Grenache
3,Riesling
6961,Loureiro-Arinto
105149,Centesimino
7954,Passerina
38757,Tempranillo-Malbec
46141,Vespaiolo
93558,Vital
40162,Bacchus
42052,Sideritis
89,Rosato
100471,Chancellor
24,Nero d'Avola
81692,Uvalino
19700,Muscat d'Alexandrie
2501,Feteasca Neagra
4180,Blanc du Bois
80811,Silvaner-Traminer
1155,Roditis
37036,Shiraz-Malbec
925,Muscat Blanc à Petits Grains
4197,Provence white blend
118316,Torontel
7679,Xinomavro
35702,Savatiano
4,Pinot Noir
111277,Cabernet Franc-Lemberger
4209,Nosiola
51348,Riesling-Chardonnay
39386,Trousseau
29170,Casavecchia
119787,Otskhanuri Sapere
4278,Mondeuse
6174,Lambrusco Grasparossa
60707,Elbling
2444,Lambrusco di Sorbara
47420,Aidani
67572,Malagouzia
2796,Chardonnay-Viognier
2792,Tinta Roriz
44845,Verdosilla
23892,Carineña
11798,Aligoté
6528,Alicante Bouschet
14074,Tempranillo-Garnacha
1297,Prié Blanc
6812,Cabernet Sauvignon-Tempranillo
5627,Palomino
22676,Ugni Blanc
2183,Malagousia
56862,Malagouzia-Chardonnay
11049,Merlot-Tannat
368,Garganega
54908,Syrah-Grenache-Viognier
22970,Irsai Oliver
62596,Garnacha Blend
14255,Chenin Blanc-Viognier
43949,Maria Gomes
19794,Timorasso
43743,Malvasia di Candia
48420,Souzao
14015,Piquepoul Blanc
45676,Nielluciu
18390,Grenache-Mourvèdre
218,Fumé Blanc
12309,Viognier-Roussanne
43991,Malvar
58956,Shiraz-Roussanne
911,Cinsault
8708,Uva di Troia
9879,Marzemino
103967,Blauburger
63249,Schwartzriesling
3049,Aragonez
5368,Aleatico
22033,Mtsvane
38927,Tamjanika
18899,Pinot-Chardonnay
62720,Pinot Blanc-Chardonnay
32354,Graševina
83,Rosé
4060,Altesse
56716,Chardonnay-Riesling
7055,Sauvignon Blanc-Chardonnay
86263,Chelois
18096,Loin de l'Oeil
18127,Coda di Volpe
92121,Nasco
28920,Tempranillo Blanco
2288,Cabernet Moravia
1305,Sherry
2885,Grenache-Syrah
2411,Nero di Troia
108768,Garnacha-Cabernet
13967,Piedirosso
73770,Ryzlink Rýnský
1907,Malvasia Bianca
70163,Rabigato
12718,Tempranillo-Tannat
175,Sauvignon
92918,Monastrell-Petit Verdot
11023,Trincadeira
2970,Tempranillo-Cabernet Sauvignon
36922,Vespolina
25186,Sciaccerellu
16467,Vranec
14277,Susumaniello
20030,Viognier-Gewürztraminer
28656,Pinot Blanc-Pinot Noir
55926,Canaiolo
5949,Malbec-Syrah
122726,Francisa
1833,Viura-Chardonnay
9139,País
29930,Tinto Velasco
13591,Gaglioppo
24547,Ciliegiolo
25841,Zelen
70019,Morio Muskat
47088,Sauvignon Blanc-Verdejo
4489,Muskat
2580,Marsanne-Viognier
1350,Falanghina
4007,Malvasia
24277,Muscatel
2956,Cabernet Merlot
35498,Malvasia-Viura
14063,Chardonnay-Sauvignon
116787,Moscato di Noto
15994,Sauvignon-Sémillon
811,Silvaner
57,Grillo
4440,Syrah-Merlot
2547,St. Laurent
106954,Merlot-Petite Verdot
844,Carricante
315,Prosecco
3343,Kinali Yapincak
16315,Tinta del Pais
15292,Carignane
76095,Black Monukka
72,Aglianico
4243,Ojaleshi
17260,Debit
46367,Malbec-Carménère
116,Grenache Blanc
28320,Mavroudi
22743,Semillon-Chardonnay
31388,Incrocio Manzoni
864,Früburgunder
79270,Vranac
96948,Feteasca
73397,Xinisteri
941,Monastrell
106464,Trajadura
42463,Moscatel Graúdo
109985,Gamza
1666,Semillon-Sauvignon Blanc
1391,Müller-Thurgau
4902,Encruzado
4215,Dornfelder
10600,Freisa
9859,Diamond
856,Fiano
11150,Melnik
98794,Valvin Muscat
5828,Siria
21356,Rufete
221,Pinot Bianco
1332,Tannat
8024,Valdiguié
67,Bordeaux-style Red Blend
3882,White Port
1265,Merlot-Argaman
6517,Norton
18,Tempranillo Blend
2922,Seyval Blanc
19229,Merlot-Cabernet
572,Dolcetto
16932,Moscato Giallo
20463,Colombard-Ugni Blanc
2643,Pugnitello
18840,Bombino Bianco
32573,Lambrusco Salamino
83723,Boğazkere
21774,Tempranillo-Shiraz
1631,Muskat Ottonel
7925,Petite Verdot
20,Red Blend
6575,Tokaji
87079,Muscadel
89367,Syrah-Bonarda
82,Petit Manseng
36173,Pallagrello Nero
73732,Albarossa
42306,Azal
4918,Cabernet Franc-Merlot
13175,Barbera-Nebbiolo
3078,Merlot-Cabernet Franc
777,Verduzzo
52,Monica
902,Roussanne
56546,Bombino Nero
5707,Grenache-Carignan
88287,Ansonica
7408,Madeira Blend
95603,Espadeiro
10,Cabernet Sauvignon
18607,Forcallà
52711,Muscadine
11196,Grenache Blend
212,Verdejo
24634,Viognier-Grenache Blanc
2023,Refosco
33925,Marquette
13408,Prieto Picudo
964,Trebbiano
34816,Verdejo-Sauvignon Blanc
7014,Cabernet-Syrah
116970,Roscetto
83924,Gelber Traminer
3031,Arinto
11170,Trousseau Gris
95706,Apple
123319,Kuntra
22179,Mataro
1349,Zibibbo
126782,Pignolo
952,Xarel-lo
103230,Colorino
108036,Catalanesca
15025,Grauburgunder
7720,Cercial
9957,Tinta Barroca
38,Primitivo
94,Viognier
9625,Chenin Blanc-Sauvignon Blanc
72430,Saperavi-Merlot
3733,Picpoul
50888,Orangetraube
2929,Muscat Canelli
43389,Paralleda
75106,Tămâioasă Românească
12593,Cabernet Sauvignon-Cabernet Franc
34978,Braucol
58185,Frankovka
19766,Tinta del Toro
699,Pinotage
8969,Negrette
4774,Tinto Fino
8054,Colombard-Sauvignon Blanc
72459,Pinot Blanc-Viognier
65939,Other
1442,Austrian Red Blend
1374,Mourvèdre
8806,Mourvèdre-Syrah
54607,Zlahtina
33796,Blauburgunder
47619,Garnacha-Monastrell
166,Tannat-Cabernet
13,Nerello Mascalese
40,Catarratto
10720,Neuburger
53872,Grolleau
232,Shiraz
51,Petit Verdot
44419,Muscat of Alexandria
23157,Grenache-Shiraz
240,Ugni Blanc-Colombard
7077,Symphony
72507,Teroldego Rotaliano
57687,Mavrotragano
11111,Rkatsiteli
16819,Cesanese d'Affile
28793,Muscat Hamburg
22044,Chardonnay-Pinot Gris
7714,Merlot-Cabernet Sauvignon
26965,Grecanico
16736,Mavrud
11990,Touriga Nacional-Cabernet Sauvignon
1545,Pansa Blanca
20345,Malbec-Petit Verdot
4638,Cabernet Sauvignon-Malbec
5,Tempranillo-Merlot
23136,Poulsard
88,Vernaccia
7444,Black Muscat
79914,Chardonel
71924,Viognier-Marsanne
1944,Malbec-Merlot
8170,Kangoun
2448,Cesanese
4788,Moschofilero
3234,Rotgipfler
68337,Malbec Blend
35978,Cabernet Franc-Malbec
763,Verdejo-Viura
84,Zinfandel
1198,Marsanne-Roussanne
32235,Doña Blanca
19717,Jaen
12715,Veltliner
23091,Alvarelhão
33755,Cococciola
1884,Baga
40175,Syrah-Malbec
22074,Marawi
37106,Rebo
874,Sousão
99438,Roditis-Moschofilero
67407,Robola
345,Muscat
2665,Austrian white blend
127959,Athiri
10145,Castelão
33166,Fer Servadou
2342,Traminette
520,Marsanne
93,Grüner Veltliner
22708,Groppello
26535,Malbec-Cabernet
20059,Prunelard
43258,Moschofilero-Chardonnay
907,Avesso
7451,Grenache Noir
4331,Perricone
956,Greco
9137,Raboso
12346,Pallagrello Bianco
103326,Picapoll
82920,Cabernet-Malbec
52754,Maria Gomes-Bical
745,Antão Vaz
4958,Syrah-Petit Verdot
21348,Garnacha-Syrah
37718,Macabeo-Chardonnay
112614,Mavrokalavryta
17876,Verduzzo Friulano
42302,Çalkarası
4252,Godello
339,Sparkling Blend
1357,Garnacha
32800,Sangiovese-Syrah
30108,Hondarrabi Zuri
2616,Gewürztraminer-Riesling
40455,Macabeo-Moscatel
24644,Greco Bianco
4966,Garnacha Blanca
6181,Marselan
10872,Sämling
46603,Biancolella
292,Savagnin
26818,Touriga
5307,Syrah-Mourvèdre
123,Shiraz-Cabernet Sauvignon
88160,Biancale
435,Zierfandler
33443,Mission
40679,Plyto
43029,Viosinho
89519,Durif
51421,Žilavka
63588,Bastardo
23475,Baga-Touriga Nacional
80,Carmenère
4334,Pedro Ximénez
11940,Sangiovese Cabernet
6,Frappato
6312,Chardonnay-Semillon
5415,Carcajolu
256,Syrah-Viognier
31190,Roussanne-Marsanne
105349,Grenache Gris
271,Assyrtico
7524,Durella
19798,Pigato
7845,Johannisberg Riesling
23,Merlot
23911,Pignoletto
73417,Sauvignon Blanc-Sauvignon Gris
4349,Auxerrois
269,Blaufränkisch
30529,Nuragus
41661,Códega do Larinho
2102,Manzoni
287,Carignan-Grenache
62,Cabernet Franc
11599,Brachetto
10270,Trebbiano Spoletino
131,Alsace white blend
454,Vidal
22311,Tinta Cao
63460,Petit Meslier
3778,Vidal Blanc
154,Graciano
1159,Traminer
12102,Argaman
27219,Carmenère-Syrah
36436,Rebula
68339,Merlot-Syrah
183,Torrontés
376,Pinot Grigio
7293,Edelzwicker
26404,Rosenmuskateller
22398,Blauer Portugieser
43957,Molinara
14,Chardonnay
6864,Carignan
349,Shiraz-Viognier
8171,Loureiro
682,Pinot Nero
71813,Sauvignonasse
96127,Pinot Grigio-Sauvignon Blanc
29,Chenin Blanc
120799,Tsapournakos
2272,Welschriesling
3715,Spätburgunder
4996,Pallagrello
105081,Tinta Madeira
15759,Counoise
11592,Portuguese Rosé
48860,Moscatel de Alejandría
73297,Garnacha-Tempranillo
48086,Vinhão
87544,Roussanne-Grenache Blanc
1225,Charbono
86909,no_winery_specified
17869,Cabernet
4795,Grechetto
1718,Moscatel
15812,Macabeo
100078,St. Vincent
8782,Karasakiz
667,Garnacha Tintorera
14109,Carmenère-Cabernet Sauvignon
20298,Gros Plant
13660,Tokay
10992,Hárslevelü
9066,Clairette
30835,Kadarka
438,Mencía
127521,Ondenc
74,Petite Sirah
149,Rhône-style Red Blend
1992,Malbec-Cabernet Franc
45889,Malbec-Bonarda
1121,Duras
15822,Mazuelo
84372,Cayuga
26486,Tsolikouri
2526,Lagrein
50074,Rolle
64405,Vidadillo
84427,Tinta Amarela
913,Chinuri
13838,Sacy
1922,Gelber Muskateller
697,Roter Veltliner
6406,Corvina
40631,Cariñena-Garnacha
441,Zweigelt
109917,Garnacha-Cariñena
8757,Jacquère
237,Moscato
12380,Bobal
923,Tinta Miúda
12832,Touriga Franca
68340,Tamianka
30663,Xynisteri
24646,Cabernet Sauvignon-Merlot-Shiraz
43996,Airen
26227,Emir
204,G-S-M
30,Gamay
59977,Cabernet-Shiraz
1054,Ribolla Gialla
7,Gewürztraminer
19083,Syrah-Tempranillo
87123,Shiraz-Tempranillo
76447,Merlot-Grenache
12690,Baco Noir
22164,Chardonnay-Pinot Blanc
819,Colombard
19126,Cabernet Sauvignon-Barbera
29253,Pinot Gris-Gewürztraminer
52271,Pinotage-Merlot
57785,Bovale
72268,Meseguera
50267,Tinta Francisca
426,Tempranillo
127085,Caprettone
2534,Tinta Fina
46,Inzolia
10882,Chasselas
120,Nebbiolo
91085,Franconia
4019,Plavac Mali
993,Chenin Blanc-Chardonnay
11446,Gros Manseng
10488,Trepat
33051,Tannat-Cabernet Franc
18622,Viura-Verdejo
79526,Tempranillo-Syrah
234,Montepulciano
34625,Romorantin
2651,Cerceal
91423,Malbec-Tempranillo
291,Sagrantino
231,Bonarda
84175,Vermentino Nero
10065,Chardonnay-Sauvignon Blanc
96937,Karalahna
3635,Sauvignon Gris
61,Sangiovese
